Close,High,Low,Open,Volume,fast_ma,slow_ma
72.53851318359375,72.59889150198023,71.29230380764884,71.54588979671196,135480400,,
71.83329772949219,72.59406313642577,71.60869213351766,71.76567430155144,146322800,,
72.40567779541016,72.44432080433776,70.7030121336898,70.95418800651902,118387200,,
72.06515502929688,72.67134838279743,71.84537704823941,72.41534488187352,108872000,,
73.22441101074219,73.52630260685811,71.76808624589498,71.76808624589498,132079200,,
74.77975463867188,74.97296230565743,73.9513658951312,74.20253438813242,170108400,,
74.94882202148438,75.51396965111952,74.44647758118805,75.01403533204297,140644800,,
76.55004119873047,76.57661149006776,75.1468497409281,75.26519625077637,121532000,,
75.51634979248047,76.69735294372674,75.39318306552475,76.4872376273451,161954400,,
75.19273376464844,76.19742976100052,74.76042298692015,75.31590787968373,121923600,73.90547561645508,
76.1346435546875,76.24574496948411,75.3738782015038,75.73614811924845,108829200,74.26508865356445,
76.97752380371094,76.97993392443253,76.07667669301796,76.38339587903954,137816400,74.77951126098633,
76.45584869384766,77.04755171377299,76.31818437718287,76.60558572443774,110843200,75.18452835083008,
76.72877502441406,77.28183515069573,76.63458130371416,76.94130052804331,101832400,75.6508903503418,
77.09828186035156,77.17797799443389,76.23366024847726,76.78190007438859,104472000,76.03827743530273,
76.87609100341797,78.08848500678306,76.68529344990502,77.34462735281411,146537600,76.24791107177734,
74.61551666259766,75.29657838161462,73.63255603039792,74.88359281479813,161940000,76.21458053588867,
76.72635650634766,76.89782887589077,75.39803343183497,75.4970547636558,162234000,76.23221206665039,
78.33241271972656,79.1801266517597,77.61753550777614,78.35898301190313,216229200,76.513818359375,
78.21890258789062,78.27203580279424,76.9823558087521,77.4146666313588,126743200,76.81643524169922,
74.75080108642578,77.93152785379012,74.45615449763523,77.50887948128576,199588400,76.67805099487305,
74.54549407958984,75.71200004458515,72.99014787932889,73.49249228699044,173788400,76.43484802246094,
77.00650024414062,77.19729777289353,75.7458008005722,76.15154128644726,136616400,76.48991317749024,
77.63444519042969,78.43385354098093,77.03066200298008,78.13437206813377,118826800,76.58048019409179,
78.54252624511719,78.54494373627665,77.34704001476739,77.90493506301061,105425600,76.72490463256835,
77.47493743896484,78.29076771071938,76.9835021703116,78.04141892687844,117684000,76.78478927612305,
77.84291076660156,77.84291076660156,75.97884915779663,76.05873445176091,109348800,77.10752868652344,
77.37326049804688,78.4118136218486,77.15538413187909,78.33919062909048,94323200,77.17221908569336,
79.21070098876953,79.21554005883662,77.82354276759801,77.82354276759801,113730400,77.26004791259766,
78.64665222167969,78.97347052474285,78.27868334448036,78.48203514934536,94747600,77.30282287597656,
78.66598510742188,78.91533382442148,78.1576021480164,78.61514163995746,80113600,77.69434127807617,
77.22557830810547,77.40714314738784,76.16281523598434,76.34438007526671,152531200,77.96234970092773,
78.3440170288086,78.57400211516978,77.46766524775612,77.46766524775612,93984000,78.09610137939453,
77.54029083251953,78.5933684199213,77.0343310134274,78.10435642626537,100566000,78.08668594360351,
75.78514862060547,77.57659398679,75.16783122272501,77.13357171386221,129554000,77.81094818115234,
72.18534851074219,73.63786746473984,70.01867883709842,71.9626330750162,222195200,77.28198928833008,
69.7402572631836,73.23840922009403,69.26819314550896,72.8559159017165,230673600,76.47172393798829,
70.84660339355469,72.11271828103145,69.35777309270347,69.36503539122887,198054800,75.81905822753906,
66.21549987792969,69.2367421970805,66.0799320227012,68.05051976988415,320605600,74.51953811645508,
66.1767349243164,67.39927568012675,62.063689342092786,62.279149784822394,426510000,73.27254638671874,
72.33786010742188,72.9745487284491,67.2322571583197,68.33617091013136,341397200,72.63973388671874,
70.04047393798828,73.59430228856515,69.18832465692095,73.51441698741223,319475600,71.92122344970703,
73.28924560546875,73.44902354050599,70.9627984910642,71.76410400685508,219178400,71.41574630737304,
70.9119873046875,72.51701474039015,70.54643429218783,71.5414063518363,187572800,70.75291595458984,
69.97026062011719,70.40359752261656,68.08198888011519,68.26839282499563,226176800,70.17142715454102,
64.43614196777344,67.3218077915113,63.6687248096994,63.8502896142898,286744800,69.39650650024414,
69.07693481445312,69.3432313409943,65.21081458081115,67.09183070037263,285290000,69.33017425537109,
66.6778793334961,68.07956216167183,65.81362880191305,67.15237416724361,255598800,68.91330184936524,
60.0931282043457,65.36335211068649,60.037449346112034,61.95961666217629,418474000,68.30106468200684,
67.29277038574219,67.76484191547881,61.235766409905956,64.12628289000264,370732000,68.41266822814941,73.94198966979981
58.635765075683594,62.7197589173465,58.10075235573811,58.572820229839216,322423600,67.04245872497559,73.6639347076416
61.21398162841797,62.363888604538765,57.71340983694092,59.9188176066588,324056000,66.15980949401856,73.45154838562011
59.71546936035156,60.521617752082875,57.403542823432716,58.04507418797264,300233600,64.80243186950683,73.19774421691895
59.25791931152344,61.20913545401907,58.732592172693536,59.88976507646557,271857200,63.63702507019043,72.94159950256348
55.49591064453125,60.964643798375334,55.195722054414446,59.83893935589746,401693200,62.18959007263184,72.58702949523926
54.31694793701172,55.31676638458161,51.47001196844014,55.2150904957698,336752800,61.17767066955567,72.17777336120605
59.76630401611328,59.962393449772364,56.720856028881734,57.21955352533474,287531200,60.24660758972168,71.87412300109864
59.437068939208984,62.518828553443576,59.14172316127237,60.70318009593795,303602000,59.522526550292966,71.5318635559082
62.564823150634766,62.62292153490078,59.640418371654654,59.679153090462734,252087200,59.76969604492187,71.27283302307129
59.9744987487793,61.94265908510833,59.80745850642363,61.18735053944383,204216800,59.037868881225585,70.9684683227539
61.6860466003418,61.85792960202071,60.376358043352745,60.700756687792804,167976400,59.34289703369141,70.67949638366699
61.560157775878906,63.545265799093606,61.005781466460334,61.877294107845245,197002000,59.3775146484375,70.37114906311035
58.321041107177734,60.211735481582174,57.89012756934183,59.67430332649324,176218400,59.238071823120116,70.00845291137695
59.29423141479492,59.34749072840286,57.350277549943364,58.18305551478086,165934000,59.241703033447266,69.65976203918457
58.44209289550781,59.48064217824671,57.85140134510496,58.77859292542469,129880000,59.53632125854492,69.2866382598877
63.54043197631836,63.6953634654168,60.371521175046986,60.73948992606154,201820400,60.458669662475586,69.0199250793457
62.804481506347656,65.77488676591214,62.70038611330759,65.55700306601591,202887200,60.76248741149902,68.7837043762207
64.41194152832031,64.72665094840988,63.240244033180964,63.6057895375852,168895200,61.25997467041016,68.53741607666015
64.87675476074219,65.38029878683781,64.080295544256,65.04864148440106,161834800,61.491167831420896,68.26830291748047
66.1501235961914,66.25906545571533,64.35383885573385,64.95421592166439,131022800,62.10873031616211,68.02692733764648
69.49093627929688,69.78144307379056,67.31215748427826,67.78422917835682,194994800,62.88921928405762,67.9217300415039
68.85665893554688,69.31662179135925,67.93673322392213,68.36522365380796,131154400,63.618869400024415,67.80795333862305
69.40377044677734,69.76932337939922,68.35311605698439,69.57081070155868,157125200,64.72714233398438,67.65589874267579
68.46205139160156,69.46671616167201,67.02405715552152,68.91959837030558,215250000,65.64392433166503,67.47245086669922
67.04100036621094,68.19091103013936,67.02163670043845,67.28793327913718,130015200,66.50381507873536,67.24242034912109
64.96874237060547,67.11847132681476,64.25700758407963,66.8836471640781,180991600,66.64664611816406,66.9922964477539
66.84007263183594,67.27582530173389,65.89593692179542,66.23727232674312,116862400,67.05020523071289,66.7722396850586
66.58106231689453,68.20788419825696,66.54232758306506,66.78441412857795,124814400,67.26711730957031,66.55639572143555
68.50321197509766,68.51289750296907,67.05795538482593,67.10637563628991,126161200,67.62976303100587,66.3422459411621
68.55162811279297,68.88328539052851,67.77210939351758,68.21996344716476,117087600,67.86991348266602,66.14034545898437
67.4404525756836,69.1955796657155,67.34846591334697,69.01401479433288,112004800,67.66486511230468,65.91583480834962
69.65553283691406,70.125181113428,68.7259218099285,68.92927352946674,137280800,67.7447525024414,65.76443389892579
71.12499237060547,71.30171812959233,69.80562571918327,70.19538133730589,183064000,67.91687469482422,65.62005340576172
69.97994232177734,72.3838593560598,69.20042354088866,69.29725665776628,240616800,68.0686637878418,65.46884643554688
70.9700698852539,71.09837541785019,69.31419932975179,70.00414724151751,133568000,68.4615707397461,65.37254486083984
72.03524017333984,72.86801811424831,71.2847707351164,71.43002407604543,147751200,69.16822052001953,65.36954269409179
72.77845764160156,73.41029979065098,72.35238308451844,72.7372996904726,142333600,69.76205902099609,65.43030670166016
73.53132629394531,73.87751548674036,73.10283599340708,73.4054440161324,115215200,70.45708541870117,65.48400115966797
75.28152465820312,75.33492815693087,73.86391326493965,74.19161621586483,133838400,71.13491668701172,65.66532165527343
76.4660873413086,76.96127521844708,74.57997904728234,74.78874082159405,145946400,71.92636260986328,65.87110870361329
75.59220886230469,77.60211024550932,75.47083798793751,77.15060674076052,162301200,72.7415382385254,65.93619567871093
74.67950439453125,76.69426553932014,73.60173033825646,75.77184236444022,200622400,73.2439353942871,66.0289762878418
75.13829803466797,75.19898348401253,73.19393386714296,73.91730709017112,158929200,73.64526596069337,66.06595733642578
74.69408416748047,74.7402057064117,72.87352049775028,72.90750790870699,166348400,74.11668014526367,66.14159927368163
76.45394134521484,76.82776572341807,75.32762345021945,76.01943893594208,135178400,74.66506729125976,66.27127288818359
76.01216125488281,77.31810575212776,75.98060363958615,76.47093934712166,101729600,75.06275939941406,66.50279327392577
77.49046325683594,77.56085304131686,76.83262768101243,76.8714672558423,111504800,75.5339599609375,66.67106384277344
76.91272735595703,77.89340613060031,76.67483776673394,77.3520893444608,102688800,75.87210006713867,66.87576080322266
77.40792083740234,77.49045214412094,76.54861296126474,76.65056034866812,81803200,76.0847396850586,67.22205665588379
76.88361358642578,78.70659948141834,76.82778030514494,78.52697291852887,125522000,76.12649230957031,67.41387351989746
77.2186050415039,77.36425163061887,76.00004364195834,76.74041071667054,112945200,76.28913192749023,67.78553031921386
77.25257873535156,78.51240928442117,76.6165963973256,76.8933182003932,133560800,76.54643936157227,68.10630226135254
77.17731475830078,77.95651372350704,76.82048407944905,77.49530586711329,153532400,76.75034103393554,68.45553916931152
78.1264419555664,78.24781284336196,77.00011656103608,77.13119919406478,80791200,77.09357681274415,68.83290962219239
78.48812103271484,78.5123966906775,77.41762896521124,77.85942075330303,87642800,77.29699478149413,69.29275382995606
78.92021179199219,79.182377080961,78.23567814710795,78.80855263967156,104491200,77.58779983520508,69.78481910705567
78.24053955078125,79.04158453578323,77.8667151007641,78.74301685979307,87560400,77.66280746459961,70.15430381774902
80.4688949584961,80.52958039964126,78.46142323225453,78.49055105874169,137250400,78.01842422485352,70.57494033813477
80.94467163085938,80.97865903574063,79.45424095843477,80.16547259371143,95654400,78.37209930419922,70.94253730773926
83.500732421875,83.89397287260105,80.59269099061473,80.62424860345651,147712400,79.03381118774413,71.41306198120117
85.64900970458984,86.11749956722853,84.010502671639,84.44986470562118,166651600,79.87685165405273,71.89232124328613
81.53697204589844,85.21693875406713,81.43502463468259,84.79214058891952,201662400,80.30529098510742,72.29185752868652
82.24092102050781,84.42559727745287,81.12916680700161,83.6779557734375,200146000,80.81165161132813,72.77025512695313
83.25800323486328,83.91097923516973,80.7310603407497,80.89370059767263,138808800,81.3248077392578,73.2495305633545
85.46453094482422,85.73640798746258,83.67795482626669,85.3140322118676,165428800,82.02244873046875,73.78997932434082
85.3455810546875,86.27042663858354,85.22421016537945,86.20974119392952,114406400,82.66498565673828,74.2260823059082
85.37957000732422,85.7970861704287,84.77028576142695,85.30189085886494,96820400,83.37888870239257,74.67758407592774
84.89167022705078,86.55202339942768,83.78233832338894,86.08596324993198,264476000,83.82116622924805,75.08717864990234
87.11273956298828,87.25595632121572,85.23877276466217,85.2848942945191,135445200,84.43797302246094,75.53189834594727
88.97215270996094,90.39219373833417,87.93807025920542,88.35801624501319,212155600,84.98511505126953,75.98833892822266
87.40160369873047,89.520742080351,87.02777928766403,88.60074867063001,192623200,85.16037445068359,76.34655227661133
88.56189727783203,88.6007368459442,86.79716746009711,87.5569503065316,137522400,85.86286697387695,76.74065704345703
85.84076690673828,88.67841857898394,85.69269058598132,88.45752269581561,205256800,86.2228515625,77.06939697265625
87.81912231445312,87.91379516599585,85.27033358259102,85.74853519336081,130646000,86.67896347045898,77.45653839111328
88.55220031738281,88.83864125404429,87.38704271105858,87.40645879441105,140223200,86.98773040771485,77.88676239013672
88.38472747802734,89.17363845509443,88.33618355494364,88.62989910604166,110737200,87.29164505004883,78.35508209228516
88.38472747802734,89.92856942679227,88.2706459252288,89.29258699361952,114041600,87.59216079711913,78.78597518920898
90.7490234375,91.21751333373977,89.78290840638297,89.81446602565468,118655600,88.17789611816406,79.26933441162109
90.46743774414062,91.90689477197918,90.35577859564587,91.12769570514304,112424400,88.5133659362793,79.70861892700195
92.57443237304688,92.60598999002299,91.35829367263958,91.44568456641123,117092000,88.87359390258788,80.18907501220703
92.97254943847656,93.52114092959071,91.92390296897231,93.46773743138746,125642800,89.4306884765625,80.6997169494629
93.1351547241211,93.19341778265134,91.95543335132274,92.56713990671183,90257200,89.88801422119141,81.16930938720704
92.70552062988281,97.05302710538204,92.491906663148,94.44112299776556,191649200,90.57448959350586,81.60091995239257
94.2396240234375,94.43138465547754,91.15194893729137,92.08649866670663,170989200,91.2165397644043,82.08611358642578
94.88777160644531,96.3660683335281,93.68862647798679,96.11604456670572,153198000,91.85009689331055,82.56446762084961
93.72016906738281,94.57704721895716,93.12059659931413,93.7590086395202,110577600,92.38364105224609,82.99816619873047
93.53082275390625,94.3270153946456,93.057473380001,94.17166452732319,92186800,92.89825057983398,83.41321350097657
95.50189971923828,95.64026431606665,93.2735318869254,93.61822848479565,90318000,93.37353820800782,83.85262496948242
94.18379974365234,96.36847551090202,93.93377603549384,96.29322616043909,103433200,93.74517440795898,84.2306704711914
94.44839477539062,95.13049855916786,93.79784860710124,93.88523208886058,89001600,93.93257064819336,84.59031661987305
90.14944458007812,94.25906118948085,89.33868791358677,94.18138204100602,197004400,93.65026016235352,84.88146133422852
89.9261245727539,90.27082118599914,86.55686722526087,88.34588050233073,185438800,93.3293571472168,85.18639373779297
92.05738830566406,92.14963136535167,90.76600769371073,90.98932597811024,121214000,93.26454391479493,85.5247755432129
90.54510498046875,91.80493528958375,90.54024540428786,91.62773114046318,103625600,92.89509201049805,85.84179595947266
92.28070068359375,92.46518677635112,90.99174263799479,91.02815241738375,90329200,92.63438491821289,86.15833114624023
93.39733123779297,93.50170842708098,91.04516275680574,91.45296717627383,158130000,92.6021011352539,86.50603454589844
103.17498016357422,103.32547889929636,97.89776821941581,99.89796575503286,374336800,93.5665168762207,87.01972488403321
105.77473449707031,108.39634285363456,104.76007559751676,105.05864325676774,308151200,94.5938003540039,87.59696502685547
106.48111724853516,107.57345533183008,105.24070281740102,105.96407603717955,173071600,95.82353210449219,88.17842895507812
106.86707305908203,107.18749399981073,105.73589542861245,106.20196292493524,121776800,97.06539993286133,88.77809814453126
110.59558868408203,111.0907840336135,106.60977244976479,107.19963324982751,202428800,99.11001434326172,89.44563781738282
108.08110809326172,110.57369742283494,107.2834798046482,110.11651887547455,198045600,100.9255126953125,90.06220840454101
109.65203857421875,110.67096098800363,106.99895008053579,109.52801468909898,212403600,102.68497772216797,90.71170288085938
106.39099884033203,109.41371732342775,106.13079507349751,108.91520246878905,187902400,104.26956710815429,91.27699401855469
109.92684936523438,110.18461900895711,107.2883506394418,107.48289124635573,165598000,106.03418197631837,91.90576858520508
111.87226867675781,112.87660092461535,110.81929757369635,111.30809060988061,210082000,107.88167572021484,92.56480972290039
111.77256774902344,111.86254295487012,109.96087794353791,111.69718271594931,165565200,108.74143447875977,93.23545028686523
111.4807357788086,112.92036115953931,110.85333616279125,112.89604173415177,119561600,109.3120346069336,93.85568710327148
112.4096908569336,112.83525485693279,110.89711451437223,111.23270331319974,105633600,109.90489196777344,94.48498748779296
112.55072784423828,113.96603385163618,112.45589172935948,112.81822669084653,145538000,110.47325744628907,95.06598739624023
115.0481948852539,115.1624895192386,112.57505670786055,112.59208104980983,126907200,110.91851806640625,95.65397109985352
120.97691345214844,121.46083817482683,115.99659572706068,116.00875173086001,338054800,112.20809860229492,96.44276992797852
122.423828125,125.27146481367004,120.5562117393656,125.18634310109493,345937600,113.48527755737305,97.24642807006836
121.41950988769531,121.76482801035655,119.6953682864558,121.29549340088454,211495600,114.98812866210938,98.009658203125
123.07068634033203,123.52786489142996,121.66997034058484,122.73753168290901,163022400,116.30251235961914,98.76178131103515
121.5994644165039,124.0069396884171,120.45408376800025,123.67378500147916,155552400,117.27523193359374,99.48685897827148
121.40248107910156,122.99286935955308,121.17875271683349,122.57460040324597,187630000,118.23822326660157,100.20731719970703
125.51947784423828,127.42601095099603,122.56242274675954,124.09931840039746,225702700,119.64209747314453,101.01987335205078
130.519287109375,131.12238232990026,126.96887253695941,129.13802940462026,151948100,121.45305709838867,101.88800430297852
127.81509399414062,134.21557794835164,123.53514224699033,133.836218656411,200119000,122.9794937133789,102.6648631286621
117.58212280273438,125.32495545599747,117.21249271726687,123.44761726135523,257599600,123.23288650512696,103.26847351074218
117.65995025634766,120.32519508764499,107.86468180279036,116.79423196346733,332607200,122.90119018554688,103.8504345703125
109.74201965332031,115.74368657539894,109.60583975780702,110.84118807317701,231366600,121.63300933837891,104.32845962524414
114.1192398071289,115.88958571714265,112.1154437280054,114.06087912016324,176940500,120.90298233032226,104.85446197509765
110.39373779296875,117.2124914481067,109.43074927727804,117.07631155381702,182274400,119.63528747558594,105.29129272460938
108.94438934326172,112.08627097984936,106.9989538192749,111.44427369473487,180860300,118.36977996826172,105.70248596191406
112.21272277832031,112.76717161154352,109.72256765665087,111.59018399790295,140150100,117.4508041381836,106.17904586791992
112.38783264160156,115.58807558218572,110.51048670445795,115.10171660801637,184642000,116.13763961791992,106.61182205200195
109.07085418701172,112.83527508788637,108.98331313922904,112.08628557894545,154679000,113.9927963256836,106.98389038085938
107.32968139648438,109.13893714718215,105.74415401119464,106.72660109375049,178011000,111.94425506591797,107.27899536132813
103.92517852783203,107.85495979692669,103.195640091221,107.38805935339492,287104900,110.57856063842773,107.49804794311524
107.0767822265625,107.18378178328017,100.28720839881021,101.68792447129736,195713800,109.52024383544922,107.77688049316406
108.75956726074219,109.78092384803477,106.18187120745131,109.60583435939168,183055400,109.4219985961914,108.09796142578125
104.19755554199219,109.05141631713241,103.85709830267169,108.57478657183293,150718700,108.42983016967773,108.29712005615234
105.26752471923828,107.24214072616157,102.13537212015387,102.300732370106,167743300,107.91720886230469,108.5047151184082
109.21675872802734,109.37239714582383,104.73252885742939,105.47179649946621,149981400,107.94444580078125,108.8146469116211
111.8236312866211,112.17381026918468,109.70310630165157,111.87227014246227,137672400,107.90553665161133,109.1805030822754
110.97736358642578,112.16408041867875,110.47155362609944,111.42482027829774,99382200,107.76448974609374,109.49001235961914
112.65045928955078,114.06090471815105,110.52021210350766,110.68557236785257,142675200,108.12245025634766,109.85934555053711
113.60369110107422,114.50831877951315,112.66988308159635,114.43049958924504,116120400,108.74985122680664,110.24245147705078
109.93656158447266,112.22245433262894,109.15839180363562,109.81011094316419,144712000,109.3509895324707,110.63819381713867
113.32162475585938,113.46753391146844,110.4521101876222,110.80228919258478,106243800,109.9754737854004,111.10610382080078
110.07274627685547,112.95198998188178,109.18756954507073,112.5434428788478,161498200,110.10679168701172,111.46641098022461
111.94035339355469,112.39753189463039,111.01626713656741,111.49290414731489,96849000,110.88107147216797,111.89431594848632
111.8333740234375,113.22436086595617,111.46373648547903,113.0784517020909,83477200,111.53765640258788,112.2853694152832
113.77880096435547,113.80798131062522,111.78472652844798,112.13490552618049,100506900,111.99386062622071,112.69299880981445
121.00609588623047,121.76481458334483,116.0257780752071,116.78449677232146,240226800,112.91210708618163,113.04962112426757
117.7961196899414,121.96907978641414,116.38568190119372,121.8523509831308,262330500,113.5939826965332,113.290048828125
117.88365936279297,119.67345635227282,116.3564928845694,117.6988406266793,150712000,114.11730270385742,113.51809967041015
117.41676330566406,117.89339294386203,114.92660814304054,115.48105698538242,112559200,114.49860992431641,113.7290934753418
115.77288055419922,118.23386306147651,115.56861068687554,117.97122507402565,115393800,115.08224182128906,113.83263931274413
112.81583404541016,117.13469680947517,112.50456459015098,116.68724743136818,120639300,115.03166275024414,113.92733383178711
114.30406188964844,115.73395813213436,112.4753478178989,113.0297966240417,124423700,115.45479431152344,114.0203742980957
113.68152618408203,115.47132328298426,113.27297908868262,113.48697818121386,89946000,115.62891159057617,114.1661848449707
112.59207916259766,114.81960369273567,111.46372301440654,114.24569636322538,101988000,115.70478210449218,114.21948944091797
111.90144348144531,113.37024926516857,111.16217596217939,113.21461087321912,82572600,115.51704635620118,114.22007293701172
111.91118621826172,113.37026292295224,109.80038294532771,110.89955881245987,111850700,114.6075553894043,114.22284530639648
113.41889953613281,114.08034796929371,111.41510314504899,112.33918213169002,92276800,114.16983337402344,114.26160858154297
108.16622924804688,112.28082929645379,108.06895894073497,111.9111991601691,143937800,113.19809036254883,114.17673934936523
112.1738052368164,113.73988133267714,109.13892333116605,109.30429098085882,146129200,112.67379455566406,114.1692008972168
105.89005279541016,108.93465662193633,104.78115517571706,108.03002883521329,190272600,111.68551177978516,113.98603805541993
105.80250549316406,107.66039994190102,104.39206773628062,106.13323338437135,122866900,110.98417892456055,113.68254989624023
107.42694091796875,108.44829000986326,105.76359460724328,106.66822232934803,107624400,110.29646682739258,113.38261215209961
111.81388092041016,112.43641956715328,109.28481674036044,111.02598206902346,138235500,110.1097023010254,113.19049957275391
115.78258514404297,116.3564924386585,113.68151879830341,114.73204826054969,126387100,110.42875289916992,113.04473754882812
115.65106201171875,116.14799861229584,113.15660323122867,115.2905328204704,114457900,110.80371475219727,112.92576950073243
113.34174346923828,118.86656705608227,113.07865981779163,117.41471908421029,154515300,110.94677047729492,112.76455474853516
113.00070190429688,114.57921861893705,111.20780945261693,112.59145738080137,138023400,110.90495071411132,112.51417922973633
116.43055725097656,116.56697207433398,113.4586543889182,114.18945127149735,112295000,111.7313835144043,112.23240463256836
116.15774536132812,117.44394777392753,115.5341325209194,116.55725128655479,103162300,112.12977752685546,111.9992576599121
116.20645904541016,116.60595750533835,114.85204931664111,116.38185060768497,81581900,113.16141815185547,111.97174438476563
117.21983337402344,117.89216151069154,115.12488063733073,115.87516223258528,91183000,114.3031509399414,111.96294204711914
116.33314514160156,117.58037091037836,115.91415453796073,116.48905207972464,74271000,115.19377136230469,112.09476455688477
115.00794982910156,116.75211942679815,114.97871914080206,115.57310124972858,76322100,115.51317825317383,112.11253875732422
115.60234069824219,116.01158523354931,113.8191942363378,114.57922192592288,74113000,115.49515380859376,112.21671081542969
114.33562469482422,115.72901129196754,114.28690935456355,115.60234248642783,73604300,115.3636100769043,112.32453552246093
110.93497467041016,114.60845147390663,110.83753656463605,114.17971488763942,127959300,115.12293319702148,112.29898056030274
112.22118377685547,112.88377334383199,109.70724035208704,110.99345018861624,113874200,115.04498138427735,112.2956475830078
113.05915832519531,113.760724582734,112.22117723247423,112.59145244287018,76499200,114.70784149169921,112.37541366577149
113.60481262207031,114.48177040505827,113.24429090254516,113.58532797535975,46691300,114.45254821777344,112.5009162902832
116.00182342529297,117.87266158456667,113.81917147209029,113.97507836905477,169410200,114.43208465576171,112.74244918823243
119.577880859375,120.30867787495882,116.93726853515172,117.91166455593012,127728200,114.66788940429687,112.99247116088867
119.92866516113281,120.21124090192977,117.79473547645512,118.89580031413836,89004200,115.02744140625,113.21585311889649
119.79225158691406,120.61074069251367,119.08093920643189,120.35739564047255,78967600,115.50587158203125,113.52774703979492
119.11990356445312,119.7142856820755,118.40859125787107,119.46094065635505,78260400,115.85762786865234,113.80479461669921
120.58149719238281,121.38050156328545,119.1199032870206,119.17836466433876,86712000,116.4822151184082,114.03208938598632
121.19537353515625,121.78001709074977,119.93840178511279,121.18563492753421,82225500,117.50825500488281,114.21952423095703
118.66192626953125,122.72515520882723,117.90189869056083,121.3415148761349,115089200,118.15232925415039,114.37321548461914
120.08455657958984,120.69843079499793,117.07367661772612,117.41471371847992,81312200,118.85486907958985,114.52189743041993
119.27582550048828,119.61686263532849,117.46344823070665,119.2953101507426,86939800,119.42197036743164,114.63534011840821
118.66192626953125,120.19172746757567,118.42807334539813,119.46093057486559,79184500,119.68798065185547,114.80984741210938
124.60575103759766,124.62524311960807,120.95176623601054,121.15638849281328,157243700,120.19076766967774,115.03552993774414
124.53752899169922,125.08318827908539,123.31953420089064,124.14777660588067,98208600,120.65165405273437,115.32482559204101
125.40475463867188,126.2622278245828,124.76164974923869,125.59963085326014,94359800,121.21290435791016,115.59411361694336
123.4169921875,125.79452063801119,122.89081749267945,125.6581058023967,192541500,121.64261322021484,115.82578598022461
124.9468002319336,125.02475369942195,120.28918834325576,121.81898983096859,121251600,122.07914352416992,116.04914596557617
128.5033416748047,130.96856222026736,126.33042801765606,128.2402506072199,168904800,122.80994033813477,116.19909088134766
127.60688781738281,129.03923604675438,127.43148883192659,128.77615987072127,88223700,123.70443649291992,116.39530624389648
128.59103393554688,130.04288924480903,127.74331422195132,127.95768251910687,54930100,124.55508422851562,116.60945373535156
133.190185546875,133.82353697075987,130.09159867672324,130.55931944043445,124486200,125.9465202331543,116.92492218017578
131.4167938232422,135.23642465149393,130.90036509315357,134.51538107187807,121047300,127.2220069885254,117.23780044555664
130.2962188720703,132.5081016930773,129.9844050523243,132.10859581206566,96452100,127.79105377197266,117.58740814208984
129.29263305664062,131.29014822326337,128.34746756123533,130.6470431683906,99116600,128.2665641784668,117.88717956542969
126.09660339355469,130.189064056947,123.5144522310097,130.10137197592752,143301900,128.33574905395508,118.13548110961914
127.65560913085938,128.36692888537684,125.14166577453908,125.58989445727471,97664900,128.759610748291,118.43675170898437
123.3585433959961,127.69461045301895,123.14417506694097,124.44986969207119,155088000,128.60078506469728,118.66589370727539
127.56792449951172,128.25975221212653,124.58627507251094,125.0734730800105,109578200,128.50724334716796,118.9790284729004
128.66900634765625,129.2341578626651,126.89559833144519,129.03926675065185,105158200,128.61345520019532,119.28403060913087
125.6775894165039,126.8371230123308,125.20988350887804,125.88221911439801,100384500,128.322110748291,119.6342578125
125.502197265625,126.36940903829134,123.61186680500131,125.20987551647978,91951100,127.55331192016601,119.90082565307617
127.5386734008789,128.08433270307023,125.20012928631586,125.46320546323611,88636800,127.16549987792969,120.33379806518555
125.609375,127.64585879719884,125.46320669883724,127.45098259708287,90221800,126.69681549072266,120.72993545532226
123.88469696044922,126.8858381851589,123.74828212605794,125.48270567821912,111598500,126.15602188110351,121.05909057617187
124.5570297241211,125.41450287420925,123.68981796754613,124.508306955484,90757300,126.00206451416015,121.31395355224609
128.64950561523438,129.09773432738962,125.25861162121556,125.36579577837638,104319500,126.10145416259766,121.57129196166993
133.3655548095703,136.09386615455463,130.16953762113462,130.37416729095122,120150900,127.10215530395507,121.92558181762695
135.50927734375,136.26930513798973,131.5629700317484,132.79070380672675,114459400,127.8962905883789,122.36893249511719
139.2606964111328,141.3751342790999,133.04404419681762,139.406864754955,157611700,128.95545959472656,122.89413238525391
139.49452209472656,140.60533283780688,137.7503450890547,139.92325867417892,98390600,130.33715286254883,123.3554116821289
138.42269897460938,140.605351455325,136.8149514568833,139.75761679075893,140843800,131.62920303344725,123.80071075439453
133.57994079589844,138.35448999967483,133.19992695994156,135.9477307492471,142621100,132.23332977294922,124.1481803894043
128.581298828125,133.2389103783543,126.8761058794983,132.3522064767238,177523800,132.53052215576173,124.37540969848632
130.70547485351562,131.91373120913244,127.5776572470742,130.32546101984542,106239800,133.21259994506835,124.66285629272461
131.53370666503906,132.8199015096137,131.16343146870483,132.2547501087198,83305400,133.91026763916017,124.99337142944336
130.51058959960938,132.2937358859012,130.189037167514,132.28398241128824,89880900,134.09637603759765,125.2915364074707
133.87229919433594,133.88203780424485,131.14398674106272,132.81021085810278,84183100,134.1470504760742,125.68226989746094
133.45753479003906,134.10160078327885,132.57927381040088,134.0332988756867,75693800,133.94187622070314,126.13272109985351
133.60386657714844,133.6526621426791,131.6619162354287,132.74511227281954,71297200,133.37619323730468,126.56037475585937
132.7256317138672,134.5504851694013,132.56950670280034,133.3209020588762,76774200,132.69930419921874,126.95370422363281
132.12062072753906,133.68199010871433,131.15452174777565,133.1842959871747,73046600,132.06909637451173,127.32402038574219
131.8668975830078,133.09646585492624,130.5397381460376,132.61829297068624,64280000,131.89779205322264,127.64132186889648
132.10105895996094,132.25719882820738,130.46163501432542,131.10570080310399,60145100,132.24976806640626,127.8917854309082
129.97372436523438,132.72561913740805,129.58337464875356,132.21818684146174,80576300,132.1765930175781,128.09268661499024
127.68048095703125,129.02716157528442,126.3435683892599,128.08058387844284,97918500,131.79127044677733,128.25045120239258
126.5777816772461,126.86077223279327,124.33331888275549,126.08008757945029,96856700,131.39798965454102,128.39960876464843
126.73388671875,127.55361366522426,125.68973288562044,127.094962062069,87668800,130.68414840698242,128.5226565551758
122.95736694335938,126.58753801577001,122.56702460688798,124.91882434122574,103916400,129.63413162231444,128.55789642333986
122.82072448730469,123.65019713865051,115.53110938005393,120.7714369236387,158273000,128.5558174133301,128.64107238769532
122.32305908203125,122.52798712933733,119.27840529901451,121.92296359305101,111039900,127.51556015014648,128.68584243774413
118.06834411621094,123.40625632255099,117.62921364696236,121.66924076662798,148199500,126.11033248901367,128.66169281005858
118.33182525634766,121.83513064841705,118.2732690688628,119.62970286388716,164560400,124.75682525634765,128.6550907897949
124.70413208007812,124.84075076896436,119.82487191939815,120.76168897682948,116307900,124.01713256835937,128.65705841064454
122.09858703613281,125.61165223253225,121.99124273624304,125.30914053929315,102260900,123.22961883544922,128.60827957153322
119.11248779296875,122.67434893414126,118.89779917065528,121.79608068156783,112966300,122.37281951904296,128.48243423461915
117.22909545898438,120.61530301450836,115.75556433244158,118.80997834389994,178155000,121.4379508972168,128.35867630004884
118.48795318603516,118.99540041730722,114.73092431231343,118.05858335014369,153766600,120.61335754394531,128.22949935913087
113.55012512207031,118.0780772404724,113.40374585133544,118.00976790681733,154376600,119.67263336181641,127.93043502807618
118.1659164428711,119.1124940848032,115.92146128458052,116.15566368258474,129525800,119.20715255737305,127.74161560058593
117.08271789550781,119.21982856056245,116.56551011841668,118.75142380321871,111943300,118.6831184387207,127.51144927978515
119.01490783691406,120.23472282472085,118.33181442180619,119.58090377809478,103026500,118.77777481079102,127.22794372558593
118.10737609863281,118.24399479427487,116.28253747320228,117.49259196824357,88105100,118.75532989501953,126.96175537109374
120.99589538574219,121.00565599103153,117.51210381348422,118.47820271779908,92403800,118.38450622558594,126.7757489013672
122.53773498535156,124.14789226969461,121.70826227679905,122.66459306472457,115227900,118.42842102050781,126.64065093994141
121.74729919433594,122.82073491932013,119.38573166517871,121.05444515870833,111932600,118.69190216064453,126.55366485595704
117.61944580078125,120.20545520924264,117.41451776473627,119.91269661765824,121229700,118.73093719482422,126.35294158935547
117.09249114990234,118.49772055342008,116.78997938198532,117.00466803476282,185549500,118.59139099121094,126.22762054443359
120.4103775024414,120.87878973760397,117.35596342731434,117.42427276940472,111912300,119.27741622924805,126.08446960449218
119.58090209960938,121.23984748167706,119.19055981995824,120.35182605450146,95467100,119.41891479492188,125.90270751953125
117.19005584716797,119.93220486001856,117.17054208424707,119.8541349180161,88530500,119.4296485900879,125.73295684814452
117.67798614501953,118.7221549060971,116.1263850777415,116.6533460379,98844700,119.29595642089843,125.57647262573242
118.28302764892578,118.54651187519468,116.04832553149886,117.44379427923147,94071200,119.31352157592774,125.39135971069337
118.45867156982422,119.61993781154605,117.81461313280423,118.71239516993987,80819200,119.05979919433594,125.24834564208984
117.0046615600586,117.49258758203952,115.98977454091903,117.20958959587135,85671900,118.50649185180664,125.11074493408204
119.20030975341797,120.53722207670454,118.22445786422938,118.71238380882367,118323800,118.25179290771484,125.00361053466797
120.02978515625,121.1812907100269,119.5320985965673,120.67385099174045,75089100,118.49282684326172,124.83121612548828
122.85975646972656,123.11348004996272,120.09809378856455,120.87877829152542,88651200,119.06955337524414,124.6211001586914
123.16227722167969,124.0600592543952,122.6158024965763,123.44527518865387,80171300,119.34474334716796,124.37416015625
124.81148529052734,124.8309990566897,122.11813140531842,122.79147173791083,83466700,119.86780166625977,124.08517593383789
127.21208953857422,127.24136391246265,125.41652511857986,125.83613440452882,88844600,120.8700050354004,123.83952728271484
129.788330078125,129.82735761061758,126.34357333569822,126.66560631746748,106686700,122.08103942871094,123.66683990478515
128.0708770751953,129.64200006840537,127.47560650285295,129.3199669826799,91420000,123.0598243713379,123.55665863037109
131.18373107910156,131.4081876811969,128.74410193704895,129.24179581182904,91266500,124.33233032226562,123.60870727539063
128.8417205810547,131.74000181214734,128.48066015580457,131.68145308268168,87222800,125.51603622436524,123.5714321899414
131.25210571289062,131.74003175643296,130.41287232238494,130.58853344102718,89347100,126.7212158203125,123.56580017089844
130.92031860351562,131.41799780371278,130.06156400836352,131.05693729907884,84922400,127.81026916503906,123.57399475097657
131.58392333984375,132.1987150667435,130.12014485890128,130.28603796656913,94264200,128.68268585205078,123.52822723388672
129.8956756591797,132.2572359912941,128.6270649312646,131.75955677302224,94812300,129.35602569580078,123.45699005126953
130.27622985839844,130.52019283566136,128.12935863654846,129.16375927769226,68847100,129.9025001525879,123.39043731689453
128.75390625,130.91053068046259,128.2367059174283,129.82733444067082,84566500,130.05668182373046,123.31100280761719
131.0764617919922,131.85713156314563,128.96861767310645,128.96861767310645,78657500,130.18549499511718,123.29011962890625
131.46681213378906,131.7985983145687,130.33481998608113,131.5741564734911,66905100,130.52508850097655,123.28211791992187
131.1447296142578,132.14010267121745,130.8714922872991,131.7497529967639,66015800,130.52118835449218,123.26299133300782
130.35433959960938,131.7595691601595,129.86641349610298,131.0667075414383,107760100,130.67245025634764,123.27060363769532
130.25674438476562,133.76006501598266,129.2516178339276,133.17454775379707,151101000,130.57291412353516,123.32212890625
128.28546142578125,130.33474090811103,127.90487988689758,128.5977262034302,109839500,130.3094284057617,123.3562825012207
129.3394012451172,130.83246831624223,128.64655475092198,128.85147530654447,75135100,130.08497619628906,123.40839279174804
124.76268005371094,128.31478827842903,123.64044873461123,128.02202969252124,137564700,129.5716766357422,123.44449905395508
125.00663757324219,127.29988066325254,124.87977205806523,126.08006575676235,84000900,129.04471740722656,123.48821731567382
126.6070556640625,126.61680882445819,124.0600736654329,124.80172333933865,78128300,128.8300323486328,123.57389724731445
127.28152465820312,128.307897749906,126.56793194976201,127.90713017156261,78973300,128.4505386352539,123.7581608581543
123.9970932006836,126.62658899435064,123.9579919211375,126.49952288698726,88071200,127.70356674194336,123.87146621704102
123.07823181152344,123.43012839060427,120.00884494360865,120.72243020113098,126142800,126.89691696166992,123.83894821166992
120.00883483886719,121.83678024001635,119.50053319383292,120.62467058046893,112172300,125.8623664855957,123.79715316772462
122.15937042236328,123.31283199690465,121.46533953245027,121.77814229209847,105861300,125.05262908935546,123.8580908203125
124.58358001708984,125.0136865740081,123.01956634348547,123.41057162633793,81918000,124.68244094848633,124.0051805114746
123.43013000488281,124.07528990021518,122.35487097046837,123.96776325099312,74244600,124.0915138244629,124.10402404785157
122.04206848144531,124.1339383673377,121.97364310976869,123.71360895337953,63342900,123.81945266723633,124.27386291503906
121.88566589355469,122.11048890947326,120.09682166067931,120.39007750331018,92612000,123.50735549926758,124.34825790405273
124.44673919677734,124.84752169451296,122.2864439727993,122.41352498808429,76857100,123.29132385253907,124.49553833007812
122.6090316772461,125.12123109705438,122.39397836804899,124.94527906751188,79295400,122.82407455444336,124.56742080688477
124.241455078125,125.06256693036593,123.10754794421824,123.17597331042118,63092900,122.8485107421875,124.6901023864746
124.04596710205078,125.43403637255953,123.47900975619554,124.94527412511385,72009500,122.94528427124024,124.75110382080078
123.9970932006836,124.52494928784593,123.57676376782135,124.1046198549837,56575900,123.34411010742187,124.78029098510743
122.46239471435547,124.76931783925218,122.26689578830224,123.5963093673209,94625600,123.3744125366211,124.79459289550782
121.8074722290039,122.9707110430963,121.74882403932074,122.74588055296678,71311100,123.0968017578125,124.87835342407226
121.4848861694336,122.53082109382872,121.15253650084358,122.2668967957017,67637100,122.90227737426758,124.96620132446289
122.24732971191406,122.42328171163132,121.26005053476115,121.48487353240775,59278900,122.92280349731445,125.00294036865235
120.76155090332031,122.04208624153449,120.36076834102921,121.87591138010966,76229200,122.81039199829101,125.02655334472657
123.0586929321289,123.32262472191542,121.06457229139289,121.27962561409095,75169300,122.67158737182618,125.14392608642578
123.06843566894531,123.47898782946531,122.02250090316059,123.33235992704962,71057600,122.7175277709961,125.2517350769043
123.88956451416016,125.57088967583601,123.37148561983427,123.75271376689696,74403800,122.68233871459961,125.36386581420898
124.27078247070312,124.8768410573178,123.67450106746446,124.34898502209968,56877900,122.70482025146484,125.48010803222657
123.27372741699219,125.30694902913476,123.10755258677628,124.1632572111759,71186400,122.6324836730957,125.60548934936523
124.48582458496094,124.57380431183692,123.26393779583135,123.68426714960414,53522400,122.83482666015625,125.71119964599609
127.54546356201172,127.60411175847095,124.21215930864992,124.94529159561948,96906500,123.40862579345703,125.86151321411133
126.72434997558594,127.66276579909551,126.47997256396104,127.01760585265852,62746300,123.93257217407226,125.93880508422852
127.2228775024414,127.94624002739722,125.57089869031938,127.43793082295223,91815000,124.430126953125,126.02001708984375
128.82598876953125,129.56890564121335,126.73411873855628,126.8807541337841,96721700,125.2365707397461,126.10030715942383
127.52589416503906,128.55226719332194,127.31084088477134,127.77027153665138,108953300,125.68329086303712,126.10658325195313
129.3245086669922,129.43203530764706,126.304007918975,127.36948968462076,79663300,126.3088981628418,126.09730682373046
130.9667510986328,131.06450803911002,128.65982751015113,129.158367024724,74783600,127.01661682128906,126.15522430419922
130.69302368164062,131.29908974446735,130.23359300049012,130.76145650954527,60214200,127.65884094238281,126.14541015625
130.4095458984375,131.6118784063628,129.94033059947196,131.4261492149737,68711000,128.37242279052734,126.17676666259766
130.1162872314453,130.87874343114333,129.82303140488202,130.45842151503766,70783700,128.9354690551758,126.15405029296875
131.7487335205078,132.20816419376467,130.3509020493391,130.40955023475712,62111300,129.35579605102538,126.1706185913086
133.2638702392578,133.4202753370262,131.3284056301101,131.76828191642397,64556100,130.00974807739257,126.20421752929687
133.8797149658203,134.319591281627,132.81421821699357,133.1074740660687,63261400,130.67543182373046,126.28389831542968
134.18270874023438,134.2413569130277,132.70666011876276,133.5277792846948,52485800,131.2111038208008,126.36202789306641
136.812255859375,136.85134968212856,134.65195299080864,134.79857347065126,78852600,132.13973999023438,126.5231948852539
138.825927734375,139.93050352064463,136.91978685791386,136.91978685791386,108181800,133.08988189697266,126.67818420410157
141.3185577392578,141.63135302793145,139.45151098591106,140.3117092164722,104911600,134.12506256103515,126.87521911621094
140.01844787597656,140.81999780524936,137.50624162934824,138.3957787380025,105575500,135.05760498046874,127.05269348144532
141.8463897705078,142.37423828416007,139.44171008126813,139.53946698760842,99890800,136.20128936767577,127.28253448486328
141.25015258789062,143.0292274131984,140.76139773464533,142.92170074885988,76299700,137.3146759033203,127.50240264892578
142.36448669433594,144.1435611902038,140.3996979177406,140.79069576168808,100827100,138.37625122070312,127.78398315429688
145.7955780029297,146.20614523706598,144.35863743029935,144.76920466443565,127050800,139.62942199707032,128.11310668945313
145.14060974121094,146.626428391954,143.7818721014033,145.88352652438826,106820300,140.75551147460936,128.52066528320313
143.09764099121094,146.3918438290554,142.59911642566018,145.12109318169695,93251400,141.64700469970703,128.8824853515625
139.2462158203125,140.82979124521293,138.48375965542388,140.51698106699695,121434600,141.8904006958008,129.1352685546875
142.86302185058594,143.79166790162552,139.74477876057173,140.23353355980825,96350000,142.2941101074219,129.44689849853515
142.1298828125,142.8434755242887,141.3772111971352,142.2569638271825,74993500,142.3752426147461,129.80955429077147
143.4983673095703,144.86687435461474,142.53062773911225,142.65770872029785,77338200,142.72323455810547,130.2179570007324
145.2188262939453,145.37523141238975,143.6157111189225,144.2315469505393,71447400,143.06047821044922,130.72215682983398
145.63917541503906,146.4602799824032,144.37817955065944,144.93536723855144,72434100,143.49938049316407,131.1917529296875
143.46908569335938,145.85421146271116,142.27652280868347,145.76622426436333,104818600,143.6098403930664,131.5694630432129
141.7193603515625,143.6646101370385,139.33423415868967,141.5531854827955,118931200,143.20221862792968,131.9352476501465
142.36448669433594,143.25402394226987,141.3283289838246,141.43585562825191,56699500,142.9246063232422,132.3416960144043
142.5795440673828,143.03897475076792,140.86890234879084,141.13283410460213,70440600,142.87279663085937,132.75557357788085
142.24716186523438,143.64499304751706,141.9832301697876,143.06826612261477,62880000,143.17289123535156,133.11158203125
144.0458221435547,144.71052154385873,141.91484335749328,142.53067920795002,64786600,143.29117126464843,133.54031784057617
143.6450653076172,144.46616997805114,142.99013551698894,143.95787561003937,56368300,143.44268951416015,133.92839004516603
143.75257873535156,144.51503513271194,142.882595670896,143.67437616695372,46397700,143.46811065673828,134.32252227783204
143.0673065185547,144.01691280393376,142.5680349930517,143.27289769844572,54126800,143.25295867919922,134.70392654418944
143.01832580566406,143.61550061721744,142.4603183242228,143.12601355653302,48908700,142.99087371826172,135.11504516601562
142.5386505126953,144.60428668695926,142.2449552630066,143.36098526145494,69023100,142.8978302001953,135.52966873168944
142.79318237304688,143.63510081183063,142.4701190832618,142.97918986758629,48493500,143.00521240234374,135.95583465576172
145.7594451904297,145.91608462298464,142.77357136091953,143.11621825238865,72282600,143.34470825195314,136.42607696533204
145.96502685546875,146.29787442461313,145.15247665694042,145.83775545751928,59375000,143.68325653076172,136.930146484375
147.94256591796875,148.01110127736936,143.3903421833443,145.4168108670683,103296000,144.25279693603517,137.42782394409178
147.0321502685547,148.4908123930511,145.95527257976488,147.07130266725517,92229700,144.55142974853516,137.90709823608398
143.28265380859375,147.5509815993363,143.07706266924538,146.65032719515608,86326000,144.51518859863282,138.29496002197266
143.6155242919922,144.88819384716103,141.46178385753223,141.98063903235334,86960300,144.50148315429686,138.68185485839842
145.07418823242188,145.3776678425582,143.69383103345265,144.33995758675238,60549600,144.7021713256836,139.11786407470703
146.56222534179688,147.03212874723278,144.78048523349747,145.1916525804989,60131800,145.0565612792969,139.55939208984375
146.47413635253906,147.6880699149707,146.0140172165024,146.30771250686072,48606400,145.45010986328126,139.9379655456543
145.24058532714844,147.1593809674563,144.69236226933418,146.6600946599799,58991300,145.6948501586914,140.30829025268554
144.43785095214844,145.98463202414845,144.40848292036043,145.23083262430814,48597200,145.56269073486328,140.65258972167967
145.4755859375,145.62242610628783,143.7427972559924,144.379124571356,55802400,145.5137466430664,140.98558166503906
149.90049743652344,150.2627279823977,145.48532997591,145.86712924689024,90956700,145.70953979492188,141.43307373046875
148.6376495361328,149.587255672955,148.10899512080897,149.45019988712295,86453100,145.87008972167968,141.81933654785155
149.3033447265625,151.72141211238971,149.1369209108447,149.61662363000326,80313700,146.47215881347657,142.18606842041015
150.41934204101562,151.4668513419043,149.195624598645,150.63471750590944,71115500,147.1525405883789,142.58059478759765
151.05569458007812,151.37875779988858,149.87112944077313,150.52704024294897,57808700,147.75069122314454,142.99351776123046
153.3954315185547,153.95343890560181,151.1437884327087,151.71159511960602,82278300,148.43401184082032,143.45910064697264
151.84866333007812,153.73807604944514,150.74241788918883,153.67933999735516,74420200,148.97146453857422,143.86109924316406
150.83059692382812,152.82769817936656,150.71310983493933,152.22073881563745,57305700,149.53046569824218,144.21243377685548
145.83778381347656,152.21090030495253,145.57345660401688,151.74099688432676,140893200,149.670458984375,144.4515951538086
146.4055938720703,148.23627083685082,145.62241152835927,147.46288779538614,102404300,149.76345977783203,144.6960528564453
145.0056610107422,147.8936469962392,143.8211105344737,147.18878434178126,109296300,149.27397613525392,144.85992095947265
145.89649963378906,146.29788257432963,143.2924251085685,145.4363806410637,83281300,148.99986114501954,145.00133239746094
145.6615447998047,145.837767899535,144.12456328294863,145.31891283926268,68034100,148.63568115234375,145.08819213867187
142.98898315429688,145.69096176910773,142.69528787817018,145.69096176910773,129868800,147.89264526367188,145.1476028442383
139.93455505371094,141.79459979953563,138.29967015990616,140.7764733460014,123478900,146.78053131103516,145.10936614990234
140.41424560546875,141.5596584283987,139.77791842647125,140.90373264714654,75834000,145.48241271972657,145.0926480102539
142.78334045410156,143.35113213556255,140.67853773658257,141.41276811614506,76404300,144.5758804321289,145.1010250854492
143.74281311035156,143.98755671063387,142.57783118293364,143.5665899504071,64838200,143.86710205078126,145.05996978759765
143.8308868408203,144.369325635303,142.49948133899076,142.5973847336097,53477900,143.66641235351562,145.03377532958984
142.31346130371094,142.8910673802959,140.7960633866369,142.41136468969736,74150700,143.2571990966797,145.01809173583985
138.9262237548828,141.7065067266194,138.71084824910437,140.23804551701713,108972300,142.64925537109374,145.01169189453125
139.8268585205078,141.41279162385416,139.0436763311914,139.4744272822133,74602000,142.04229125976562,144.95096862792968
138.52484130859375,141.344291622089,138.30946580198176,140.63942904371518,89056700,141.32862091064453,144.87886779785157
139.650634765625,139.9149619275733,136.1850733872401,138.91640426751349,94639600,140.99478607177736,144.80191314697265
136.21449279785156,139.2199512741239,135.36278987889122,138.77940085869702,98322000,140.6227798461914,144.62182647705077
138.14305114746094,139.2492967831214,136.42984628272845,136.55711770997038,80861100,140.39566040039062,144.4719039916992
139.0143280029297,139.16116814887556,135.46064709144002,136.53752462157624,83221100,140.01875915527344,144.38280883789062
140.2772216796875,141.18767555165522,139.71921409322417,140.05206177202422,61732700,139.67220001220704,144.35396606445312
139.89540100097656,141.14848672637,139.5625533728477,141.00164657806616,58773200,139.27865142822264,144.30458435058594
139.8073272705078,141.7652760088396,138.8283529013419,139.27868768386213,64452200,139.02803802490234,144.24914001464845
138.53463745117188,140.2380579834007,138.0745183695577,140.21847431623635,73035900,138.98887939453124,144.1748895263672
137.9472198486328,138.42690751330062,136.273167858214,138.2702830375893,78762700,138.80091552734376,144.05291748046875
140.73733520507812,140.8548222748978,138.53464310497256,139.12203364018546,69907100,139.02216491699218,143.99476287841796
141.79464721679688,141.8533832901866,140.4926094841243,140.74715238609807,67940300,139.23656616210937,143.95560424804688
143.46865844726562,143.75255436574946,140.14993682023066,140.4338327387145,85589200,139.96198272705078,143.96363128662108
145.6322021484375,146.03358517080088,143.46867744948042,143.91899723333478,76378900,140.71089782714844,144.01590881347656
146.12168884277344,146.6013915952755,145.00565881312252,145.57346566160615,58418800,141.4216339111328,144.08756958007814
146.3370819091797,146.4937213905625,144.76093260542746,145.68117088609765,61421000,142.02761993408203,144.15844757080077
145.5636444091797,147.02230608843539,145.51469272227448,146.54261839545387,58883400,142.59444427490234,144.1545315551758
145.5147247314453,146.2293717159997,144.51616686316274,145.55387712680738,50720600,143.1651840209961,144.14552551269531
146.18043518066406,147.66846521408038,145.87694062980856,146.19021954502938,60893400,143.9297637939453,144.11028289794922
145.72027587890625,146.58176278199775,145.3678446655644,146.2195472069919,56094900,144.70706939697266,144.08404541015625
149.36212158203125,149.9494972207288,146.57203874983847,146.66994215860282,100077900,145.56954803466797,144.205634765625
146.6503143310547,146.7873700992779,143.3315929295454,144.12455951269104,124953200,146.05511474609375,144.26633056640625
145.82798767089844,146.55241894044252,144.69237413631248,145.85735569869297,74588300,146.29104766845703,144.28140655517578
146.86569213867188,148.3831049138377,145.5244875234558,145.5342868243143,69122000,146.41439666748047,144.28747589111327
148.30477905273438,148.77468239775834,146.66989423866602,147.22790166001485,54511500,146.63270568847656,144.3240887451172
147.78594970703125,149.22502801768104,147.47267079725674,148.39290892226862,60394600,146.77759246826173,144.37499603271485
148.3153533935547,149.2173222899692,147.11926062749689,148.9133997765836,65463900,147.05276336669922,144.45254608154298
147.49183654785156,148.5996967763102,147.2173248919126,148.44282869869843,55020900,147.25047454833984,144.49287109375
147.8545684814453,148.46241353148417,147.1192662590711,147.2565220755238,56787900,147.41788787841796,144.45195251464844
145.02120971679688,147.18790692538667,144.95258928599077,147.08006199718062,65187100,147.34798126220704,144.3796237182617
144.97215270996094,146.50157863651478,144.7858737902316,146.04080309791993,41000000,146.908984375,144.29299987792967
147.0506591796875,147.45261306165483,144.58983794450572,145.52121785210946,63804000,146.9490188598633,144.22562622070313
147.06044006347656,148.9036023660625,146.5016032105498,147.42318436184277,59222800,147.0722640991211,144.1457211303711
148.0408172607422,148.52122000028032,146.41334508329518,147.00159272518846,59256200,147.1897766113281,144.03862884521484
150.48204040527344,151.96244333873707,148.03103325464866,148.0408318977374,88807000,147.40750274658203,144.01129638671875
154.77618408203125,155.56050930807018,150.05065040073163,150.6977198341957,137827700,148.10652618408204,144.09020812988283
157.40370178222656,157.86449238063588,153.4624776050976,154.56052415802415,117305600,149.0153610229492,144.32152648925782
157.86448669433594,162.4527653050192,157.84487444666516,158.51154126985364,117467900,150.05262603759766,144.55070434570314
158.24681091308594,158.62916738585517,155.94285847475925,157.96248573911777,96041900,151.09185028076172,144.81552734375
158.76644897460938,158.96252656383666,156.5115192990928,157.59976712302952,69463600,152.46637420654298,145.07292633056642
153.7369842529297,157.30565039386215,153.2958059172185,156.44290597018036,76959800,153.34285736083984,145.2344351196289
157.09974670410156,158.03112635226864,155.67815070663897,156.24678611367216,88748200,154.34776611328124,145.516650390625
162.06060791015625,162.27629775232137,156.7860353404558,156.85467072649087,174048100,155.84778289794923,145.9591714477539
161.541015625,166.9626433245141,161.3057135061921,164.19789952763372,152052500,157.197802734375,146.38170684814452
160.55081176757812,160.9821915399104,154.7076174689811,155.62919880809736,136739200,158.20467987060547,146.73705627441407
158.66842651367188,161.7272942117962,156.58997682835107,160.8057129483763,118023100,158.59390411376953,147.03556854248046
162.08021545410156,164.59004449763117,161.06058805531697,161.0703866988541,107497000,159.06155548095703,147.40055511474608
167.8253631591797,168.21753329951792,165.0410224817036,165.76652602150847,120405400,160.0576431274414,147.91079315185547
171.6489715576172,172.51173104768282,167.3548013172171,168.7567854885737,116998900,161.39785919189453,148.56524810791015
171.13912963867188,173.28621440591945,170.5116723744327,171.48227664120193,108923700,162.63512725830077,149.19149353027345
175.93328857421875,176.10976886642817,171.26657639018677,171.77639006130698,115402700,164.8547576904297,149.93966247558595
172.29598999023438,178.5607631577719,172.09009882408355,177.5705467754529,153237000,166.37438201904297,150.59256958007813
170.9136505126953,174.25682821034476,168.83520101609776,171.81561944442183,139380400,167.2596862792969,151.286552734375
175.7862548828125,175.9823324841572,168.93323276156414,171.6783640596761,131063300,168.68421020507813,152.03941680908204
168.8842010498047,177.59018373746022,167.40379803106163,175.76663371395836,150185800,169.51754913330078,152.63681427001953
167.78614807128906,170.07048857395336,166.36456688905028,166.59985400570397,195432700,170.4293212890625,153.18699279785156
166.4234161376953,167.23715245654458,164.17829975707315,164.98222247126822,107499100,170.86364135742187,153.71755310058595
169.5998992919922,169.80577551895627,165.8057299805719,168.19791539703556,91185900,171.0410949707031,154.31340454101561
172.19798278808594,172.41367264545124,168.7763709233024,169.64892899727565,92135300,171.09599609375,154.9866714477539
172.82542419433594,173.38426103506748,171.83522263836468,172.4038581227058,68356600,171.2646255493164,155.68423553466798
176.79608154296875,176.8843142259983,173.59997302631623,173.6195703160363,74919600,171.3509048461914,156.4054104614258
175.77642822265625,177.77645850319618,175.03132740898585,176.62938891278105,79144300,171.6989486694336,157.08504608154297
175.8646697998047,177.0901733747063,174.64896486798852,175.81564666485653,62348900,172.19405059814454,157.73296630859375
174.70777893066406,177.0313437787025,174.5999340224449,175.95289469651084,59773000,172.0862030029297,158.31447784423827
174.09014892578125,175.71760635907094,173.7862114626908,174.59994765921613,64062300,172.60679779052734,158.87384704589843
178.443115234375,179.2960758764328,174.22739499699918,174.34503855048575,104487900,173.67249450683593,159.51596771240236
176.17837524414062,179.35488561287562,175.60973984086195,179.05096314693128,99310400,174.64799041748046,160.12826232910157
171.4920654296875,176.6391804132829,171.21755382734324,176.09015720859438,94537600,174.83720703125,160.6478091430664
168.62930297851562,171.8646356206371,168.27635732737943,169.31558203356892,96904000,174.48033905029297,161.09678649902344
168.79598999023438,170.72738518026193,167.67833112045182,169.50188137744055,86709100,174.0773956298828,161.55830078125
168.81556701660156,169.119489502726,164.87434342032694,165.7665135929736,106765600,173.2793441772461,161.9473696899414
171.6489715576172,171.7470028889114,167.4724598584393,168.94306446572548,76138300,172.8665985107422,162.44734283447266
172.09010314941406,173.70776179361494,171.39402553539196,172.6685372139698,74805200,172.48914184570313,162.97258514404297
168.81556701660156,173.15874440691425,168.42339690566672,172.33520961359125,84505800,171.89992065429686,163.41158264160157
169.67832946777344,170.37440711806423,167.7371210418755,167.9822217558743,80440800,171.4587387084961,163.83905364990235
166.472412109375,169.15870642783565,166.09005558435084,168.1488926576498,90956700,170.26166839599608,164.2127828979492
162.97239685058594,167.72735768644768,162.68808654482677,166.6685205840363,94815000,168.94107055664062,164.50592376708985
161.2860565185547,166.3547371137795,160.96252180484768,163.70765259043753,91420500,167.92046966552735,164.7818081665039
159.2272491455078,163.070426973366,159.1194042209609,161.19785371976124,122848900,166.98026428222656,165.00926177978516
158.4527130126953,159.11939476840692,151.66832669269064,156.88407733764427,162294600,165.94593658447266,165.27789184570312
156.64878845214844,159.5703851718754,153.94288158687402,155.86446306866296,115798400,164.72925872802733,165.51142456054689
156.560546875,161.1684376714049,154.72719817611775,160.29587965880856,108275300,163.2204162597656,165.70162231445312
156.09974670410156,160.62920319221885,155.17816560951687,159.26644379654334,121954600,161.6213806152344,165.88240844726562
166.99203491210938,167.01164715968335,159.6096019553616,162.46257810702824,179935700,161.43902740478515,166.26143280029297
171.35482788085938,171.57051772849903,166.1881001011021,166.82537099995082,115541600,161.60667724609374,166.6788885498047
171.1881561279297,171.41364461299403,168.93322639800166,170.5999083862923,86213900,162.07825164794923,167.00712799072267
172.39405822753906,172.4332827246188,169.93325210735014,171.32542255843316,84914300,163.02041778564453,167.30693511962892
169.51168823242188,172.7862459215795,168.7469750192045,171.06072690938532,89418100,163.84298095703124,167.53987915039062
169.2269744873047,170.9056058671137,167.54834310749567,168.52999503096257,82465400,164.84295349121095,167.759482421875
168.5103759765625,170.75835233330088,167.8133965069876,169.68835531132382,77251200,165.84871978759764,167.95436096191406
171.62222290039062,172.1326861402394,168.28459707531294,168.57909567441112,74829200,167.34606323242187,168.31206573486327
173.04559326171875,173.40879966630814,171.6909088658484,172.81981752201338,71285000,168.99456787109375,168.63098266601563
168.96192932128906,172.26028048182204,168.40239549718422,170.94487045999796,90865900,170.2807861328125,168.76900909423827
165.5457763671875,169.9043132142881,164.95677923370172,169.16807428684055,98670700,170.13616027832032,168.84910430908204
165.78140258789062,166.46855602542965,163.50396264767951,164.2990984096048,86185500,169.57881774902344,168.95371612548828
169.61964416503906,169.77671208150778,167.12625465108732,167.83304529637556,62527400,169.42196655273438,169.17274047851564
169.38406372070312,170.15956224722075,166.9299336029845,168.6969102835062,61177400,169.12096710205077,169.31881744384765
165.78140258789062,168.75580709374077,165.37892165346722,167.89194849865083,69589300,168.74793853759766,169.2779382324219
164.23037719726562,167.4109199862711,163.14074291393072,166.70414435001902,82772700,168.24827880859374,169.12956634521484
161.30508422851562,163.6315949695041,159.17488593776793,161.95296324654277,91162800,167.52774963378906,168.93288543701172
157.133056640625,163.10148814384206,156.8189207831809,162.50267977205857,90009200,166.0788330078125,168.55688079833985
159.75404357910156,159.86202589264875,149.2110962540396,149.78045618194105,141147500,164.7496780395508,168.30604187011718
161.82534790039062,162.09038317154068,157.91836192123637,160.83386973446065,91974200,164.03601989746093,168.12427581787108
162.0903778076172,162.38487641130448,159.44973145996255,160.06817702982372,95056600,163.69048004150392,167.8503582763672
160.2056121826172,163.5432381527931,158.99818435052663,161.67809026330085,83474400,163.13290100097657,167.67678649902345
163.5039825439453,164.28930727333417,159.9602176218132,161.37379913894847,79724800,162.52133483886718,167.59114318847656
163.1800079345703,165.81084308627598,162.51249176371445,165.3789138092183,76678400,161.90092926025392,167.52627502441408
160.17613220214844,162.5124684222201,159.1257725009118,161.47191984720897,83737200,161.34040222167968,167.33779968261717
156.37716674804688,161.99221739182056,156.121927641353,160.3626714753167,96418800,160.55508117675782,167.02138336181642
154.55128479003906,159.89147377341504,152.94137619759366,155.90596926887457,131148300,159.87970123291015,166.65590057373046
159.960205078125,160.41177163023045,156.4851632700245,158.51717530744355,91454900,160.16241607666015,166.3191830444336
155.61148071289062,157.447165177113,153.11807622105542,157.26064889872916,105342000,159.74815979003907,165.9158840942383
151.89100646972656,156.3575259685623,151.665230708696,156.01394178449013,96970100,158.75472564697264,165.4364108276367
147.85641479492188,151.29219668682538,147.34596655573256,148.671187726746,108732100,157.33132934570312,164.89938354492188
152.24441528320312,152.7156190595178,147.6208424416319,148.1312907310734,92964300,156.53520965576172,164.4624688720703
156.6618194580078,157.06430032250074,151.6259555145145,154.16843028106842,102300200,155.85099334716796,164.02684295654296
157.6729278564453,158.04596038224682,154.73779817864818,155.6998128738619,75615400,155.30028533935547,163.65673400878907
160.97129821777344,161.46212424049523,156.82872538769567,157.56496442177837,123511700,155.37980194091796,163.44631866455077
162.3456268310547,163.29783055310392,160.01910120084528,160.50992724401203,95811400,155.97664794921874,163.32064514160157
165.72250366210938,166.31148589554496,161.88424061211234,162.4732228455479,81532000,157.0937698364258,163.25917541503907
167.0869903564453,169.47239748158006,164.57394870167656,164.90772175927947,98062700,157.80644836425782,163.22460388183595
170.8761749267578,170.94488277941835,167.08699751675573,167.9213927494687,90131400,159.33291778564453,163.20914794921876
171.51422119140625,172.0639438588756,169.58036574981767,170.6896371902022,80546200,161.2952392578125,163.1976303100586
172.37808227539062,172.50568683875068,168.84412938966062,169.01100841776184,90371900,163.74740600585938,163.26888061523437
175.67645263671875,175.72552325481462,173.10451415071458,173.4480983503125,100589400,166.09060974121093,163.3888430786133
174.50828552246094,176.31452166228107,173.45791066079582,175.27397290735905,92633200,167.87525634765626,163.549560546875
171.40625,174.76349791877144,171.200096496919,174.57698164903633,103049300,169.24858856201172,163.71823760986328
171.11175537109375,171.67130419323556,168.78524495629924,170.83689401317795,78751300,170.26263427734375,163.91475158691406
175.1659698486328,175.21505544007368,171.23936219447407,171.36698173645647,76468400,171.54466857910157,164.23352600097655
171.84800720214844,175.02856526846452,171.21975048299214,174.2432406248137,73401800,172.15721893310547,164.50143188476562
168.67727661132812,170.44425332917226,167.00847109179495,169.19755100896808,89058800,172.31624755859374,164.74200164794922
168.9815673828125,170.1791839693951,166.73359099058004,168.01955265843017,77594700,172.1267868041992,164.99042205810548
166.96917724609375,168.6281714448174,166.09550760626425,168.6281714448174,76575500,171.67228240966796,165.2078106689453
162.70880126953125,165.92861828036033,162.46338829627405,165.61449746357707,72246700,170.70535430908203,165.12214599609376
164.58380126953125,166.7532441092378,163.58251189337741,164.93719663883124,79265200,169.5960891723633,164.98672546386717
167.27352905273438,167.90178586219838,163.71014174883533,164.31876132020938,70618900,168.87261352539062,164.9084329223633
162.2572479248047,168.12753750441655,162.01183493170848,167.4894547350742,75329400,167.95771331787108,164.70569671630858
162.041259765625,163.54318572816635,160.56878215695178,160.9123512783521,69023900,167.05066375732423,164.55628814697266
164.32852172851562,164.74082870702364,160.90256619104744,161.99220039694603,67723800,165.9669189453125,164.45831909179688
164.16165161132812,165.78138631816157,163.05239509202772,165.66357789841544,67929800,165.19828338623046,164.37134460449218
163.3665313720703,168.38277391627963,162.86589422198446,165.81085035411152,87227800,164.66720886230468,164.20623077392577
158.82147216796875,164.78991818851023,158.53679967564108,163.40580023778472,84882400,163.6511993408203,163.92174835205077
159.8914794921875,160.17615197605645,155.55257953271186,158.16376241881838,96046400,162.94342956542968,163.74033935546876
153.9230499267578,159.36139588708184,153.84451596249764,159.27305079434743,95623200,162.06485443115236,163.50788482666016
153.69725036621094,156.85815581050312,152.52908216912786,153.0493564954022,88063200,160.9761993408203,163.26620178222657
160.6375274658203,161.5013859909982,156.01394010524191,156.3280759248776,130216800,160.3125991821289,163.08655944824218
154.75746154785156,163.15059075650376,154.36480666392433,158.87058661487254,131747600,159.5626205444336,162.79402740478517
155.06178283691406,155.32681813716053,150.45783177864857,153.83471762858417,123055300,158.8646728515625,162.57963500976564
156.55386352539062,157.76130632227486,153.4518544553603,155.24826451156082,88966500,158.08720703125,162.4261047363281
162.97384643554688,163.4253979042394,156.33787025741282,156.7403511160265,108256500,157.9684265136719,162.45947998046876
153.89358520507812,161.06945878722854,152.10697141040896,160.84368302574217,130525300,157.02113189697266,162.3946905517578
154.62107849121094,156.7445658918497,151.57347999950738,153.37254446386834,116124600,156.60109252929686,162.29203125
149.48931884765625,153.19558860822082,148.92896288962842,152.31079472594658,131577900,155.56087646484374,162.04531066894532
151.89788818359375,154.09019917635914,150.3445974581009,152.89082298326753,115366700,155.35836029052734,161.84146087646485
144.0233154296875,152.82200644382692,143.34497796029567,150.90497555260774,142689800,154.390966796875,161.51781494140624
140.14993286132812,143.72839581595062,136.45350338099348,140.35638928215414,182602000,152.3422073364258,161.0507339477539
144.62301635742188,145.59628520412005,140.6906387962122,142.1456142936274,113990900,151.32876281738282,160.67959411621095
143.0795440673828,145.02608166695018,141.7425351609862,143.08938461134267,86643800,150.1305389404297,160.3376623535156
146.7169952392578,147.23803400578663,144.20026129048028,146.3434146138869,78336300,149.1468521118164,160.14445892333984
138.4393310546875,144.86876045778243,137.53487119903903,144.3673878211131,109742900,146.69340057373046,159.8222198486328
135.0279998779297,139.26513365262397,134.29067919785544,137.51522710531395,136095600,144.8068420410156,159.3235757446289
135.26394653320312,138.32137052821327,130.36814092411527,136.73858804203445,137426100,142.87112884521486,158.91662506103515
140.69064331054688,140.83810147349175,135.32294116689727,135.46057378592263,117726300,141.99126129150392,158.69261779785157
137.98712158203125,139.5699040628069,135.0083469444269,138.42951103300464,104132700,140.60018463134764,158.49523193359374
138.14439392089844,139.39291268865855,136.00124087715074,136.08971575030043,92482700,140.01229248046874,158.21323150634765
141.3492889404297,141.89981931591748,134.82154377239428,135.067317332939,90601500,140.1322280883789,157.9069808959961
147.1102294921875,147.1495466635664,142.80427168601537,142.93207874444667,90978500,140.38094940185547,157.69572692871094
146.3237762451172,148.11301536783856,144.3575873194881,146.5498987721629,103718400,140.70537261962892,157.4027764892578
146.1959686279297,149.17474333360954,145.18336763808455,147.36583831364814,74286600,140.65326995849608,157.0797833251953
148.6536865234375,148.71266977766248,144.377220582194,145.33082319437173,72348100,141.6747055053711,156.73840698242188
142.9222869873047,145.4684982093944,142.01784182350252,144.41657986619595,88570300,142.4641342163086,156.25511291503906
143.66941833496094,146.05834558258064,142.45037585050028,144.54437177114056,71598400,143.30468139648437,155.71097778320313
146.1959686279297,146.48105939148104,141.66390303598558,141.9096766255686,67808200,143.85521392822267,155.2046127319336
145.4586639404297,147.33636297180345,144.96711670692042,146.06817770971523,53950200,144.6023681640625,154.66622436523437
140.2285919189453,145.44882105467732,140.12045092928022,144.59353368240036,69473000,144.8107879638672,153.95726715087892
134.81175231933594,138.3803751202598,134.74292850458303,137.9084939649238,91437900,144.15703430175782,153.1633364868164
129.6505126953125,132.9143787666689,129.21794869771333,130.62376668907845,122207100,142.41106262207032,152.32822174072265
130.51560974121094,131.6265112355856,129.2572500842336,130.8793648770148,84784300,140.8302459716797,151.516298828125
133.14047241210938,135.0181863871141,129.9257644034857,132.0197453538818,91533000,139.52469635009766,150.67578887939453
127.86126708984375,130.15187905380364,126.85850650886532,129.84712216174927,108123900,137.4454544067383,149.79605407714843
129.33587646484375,130.83018391739205,127.61546153618984,127.87107564040531,134520300,136.0868133544922,149.00922607421876
133.57298278808594,134.74286709908958,131.0661049797349,131.16440538351503,81000500,135.0771697998047,148.30105438232422
133.06182861328125,135.43107463782408,131.64617032424826,132.51128316690097,73409200,133.76375579833984,147.62290740966796
135.93246459960938,136.24704700188127,133.33709602733944,134.5069807437755,72433800,132.8111358642578,147.08738067626953
139.2651824951172,139.51095614133862,137.4071343297164,137.53492642518518,89116800,132.714794921875,146.58100830078126
139.2651824951172,141.06424738555808,138.58684483141275,140.2875942630319,70207900,133.16013793945314,146.0208413696289
135.11648559570312,140.99538542275212,134.99851907769516,139.72720035167993,67083400,133.70673522949218,145.47802612304687
136.876220703125,138.29187895229046,134.35950159386607,135.1361545226192,66242400,134.3427963256836,144.97472534179687
134.40866088867188,136.0307605677301,131.50853555295868,134.9296996947126,98964500,134.46961517333983,144.376328125
136.58126831054688,136.68940927123788,133.3665611170388,133.74012670784026,71051600,135.34161529541015,143.8247204589844
139.16683959960938,139.2159973193288,134.61510776869383,135.44091845782265,73353800,136.32471160888673,143.34072662353515
140.50384521484375,141.68355545577728,138.69495517869038,138.96039485817002,74064300,137.0177978515625,142.97437408447266
143.87588500976562,144.07250090814313,140.85777771671903,140.86760326134686,66253700,138.09920349121094,142.6540621948242
144.55419921875,145.05558698146706,142.54869317037367,142.80429232334566,64547800,138.961376953125,142.46668518066406
142.42088317871094,144.16096449444552,141.3493138659739,143.20736171130733,63141600,139.27694702148438,142.24115783691406
143.39418029785156,145.9403917354779,142.5978760645334,143.29586483659833,77588800,139.68984680175782,141.8962908935547
143.03038024902344,143.9741422785196,139.71734260162484,140.5726447543378,71185600,140.48123626708986,141.66174926757813
145.9600067138672,146.4318877608006,140.82825345087886,141.64422349086814,78140700,141.38961486816407,141.47971374511718
147.63125610351562,148.30959351033036,145.6945593046606,147.24784996064128,76259900,142.71187438964844,141.3012615966797
144.5836944580078,149.00761906982018,144.219939344917,148.1916489524308,81420900,143.51211700439453,140.93345855712892
148.44723510742188,148.67334258980395,144.42638313418118,145.41930294883997,82982400,144.44015655517578,140.82453155517578
150.45272827148438,151.12124012126654,147.8278685836861,148.56518922635394,64823400,145.43504486083984,140.74116455078126
152.72372436523438,152.9400063380094,149.37136878805202,151.88808810670997,65086600,146.31982879638673,140.8058526611328
151.48501586914062,153.637995053217,150.81651886265266,152.76304161776633,66675400,147.01291046142578,140.79759521484374
150.3642578125,152.4189211302385,149.7055864857965,151.40633528462277,53623900,147.8072479248047,140.9244140625
149.03709411621094,150.50189494637155,148.25061571701698,149.68592491978026,55138700,148.3715393066406,141.10215728759766
154.1393585205078,154.6702378768067,149.58764182197348,150.00053965418954,78620700,149.48243713378906,141.29248413085938
154.68991088867188,154.9750016662387,151.7996109329514,154.32615575764223,81378700,150.35542755126954,141.52469146728515
159.7626495361328,160.86372535437394,156.8035410889223,158.51413057382698,101786900,151.56856689453124,141.78560455322267
158.77955627441406,160.82439423501998,158.17004260375904,158.28800912044616,67829400,152.98815307617187,142.1924090576172
157.30490112304688,159.66433625726012,156.93133551910432,157.39339100369006,59907000,153.87391967773436,142.63794708251953
163.3214569091797,163.77367187577843,158.0324049028353,158.12087978749662,82507500,155.1607925415039,143.19909729003905
163.00686645507812,164.3635414140804,161.65019149607585,163.20348231849744,55474100,156.1891067504883,143.64542175292968
162.78045654296875,163.27268651132164,160.46696968304354,160.673712879285,56697000,157.3186508178711,144.14128845214844
162.30789184570312,165.20220622926755,161.64830554399492,163.7845816314674,60276900,158.5130142211914,144.62455841064454
162.35711669921875,163.24313957743516,160.71307055191537,161.47110884266755,63135500,159.8450164794922,145.0447149658203
166.61001586914062,166.7084528561764,164.30636805182522,165.07424565037454,70170500,161.09208221435546,145.43471069335936
165.8716583251953,168.3328081399825,165.5763173430876,167.41725259761515,57149200,162.21025695800782,145.82566833496094
169.42556762695312,169.49447201390402,166.7675136783622,167.18100008673593,68039400,163.17654876708986,146.2902603149414
170.49859619140625,170.6954851482581,168.68719375370597,168.85455011811328,54091700,164.34845275878905,146.7271585083008
170.34109497070312,171.01053551269388,168.992389717206,170.09497999617207,56377100,165.65207214355468,147.27553466796874
171.8374786376953,173.4126054655057,169.88825224075944,170.0851412165275,79542000,166.50367431640626,147.83889587402345
171.4436798095703,172.18202470973497,170.42968734841074,171.049901871482,62290100,167.34735565185548,148.34385009765626
168.8545684814453,171.04007069000778,168.64782529018512,170.34109754225454,70346300,167.95476684570312,148.81176818847655
164.9659423828125,167.22034880392278,164.54261684090196,167.05299243394208,69026800,168.22057189941407,149.3065151977539
164.63121032714844,166.0882216660332,164.06022183299058,164.4835473638596,54147100,168.44798126220704,149.90290435791016
164.92654418945312,165.49753265907893,163.6664368846458,164.71981604973067,53841500,168.27963409423828,150.60842498779297
167.3877410888672,167.49603229522685,165.73385541537561,166.1571660264473,51218200,168.43124237060547,151.34586761474608
161.0773162841797,168.3918608006587,161.01825109648692,167.91932427745144,78961000,167.59641723632814,151.9046044921875
158.87210083007812,160.3684686608763,157.33634620171787,158.64566429825078,73314000,166.43376770019532,152.52482116699218
156.44053649902344,160.03380935929164,155.26902673828752,159.6104987851323,77906200,165.04371185302733,153.0669143676758
154.7767791748047,158.084564879281,154.69802058402368,157.81875651310324,87991100,163.33764190673827,153.49099029541014
155.5052947998047,155.95813794862076,152.2664132669702,154.20580050146393,74229900,161.74380340576172,153.93985961914063
153.388671875,157.86796676025835,152.56172928679763,157.26744570942157,76957800,160.19721374511718,154.28898376464844
152.1285858154297,154.64880073393257,151.30164311185825,154.03844040820118,73714800,158.9134780883789,154.5462518310547
153.53639221191406,154.23535041800068,151.22290514293917,152.4141083835251,87449600,157.80399627685546,154.83167602539064
152.0596923828125,153.9301603024717,150.3073398300262,152.2368879656222,84923800,156.5173110961914,155.1705401611328
154.92445373535156,155.36747271934937,152.34517353637017,153.05398588476703,68028800,155.27098236083984,155.53150482177733
160.89027404785156,161.7073775664421,156.82446488060694,157.10995164172124,104956000,155.25227813720704,156.06113708496093
151.44931030273438,158.0451887543499,150.98661293916587,157.41513500718563,122656600,154.50999908447267,156.35849792480468
152.89646911621094,154.65866080063967,151.22289024182777,152.38454574724284,87965400,154.1555923461914,156.63309051513673
150.00213623046875,152.82754609590185,149.02753063381346,152.24670339235885,90481100,153.67812805175782,156.82305633544922
148.35809326171875,148.99800116372188,146.06430005699622,148.86017738849526,162278800,152.96340789794922,156.91270050048828
152.07936096191406,152.15811955641868,146.78297692105565,146.98970508767258,81474200,152.8324768066406,157.06320373535155
154.4617462158203,155.6234166633189,150.7011173572486,151.0161367015711,107689800,153.0657928466797,157.30402099609375
151.33116149902344,156.27315389590652,151.21303113007994,154.8949011643533,101696800,152.84526977539062,157.4627606201172
150.36639404296875,152.06950527712038,148.56483082094806,150.01198791697018,86652500,152.67593994140626,157.6094808959961
148.09226989746094,149.1161164282667,146.25133501023848,148.84046890574132,96029900,151.9927215576172,157.65212615966797
148.427001953125,151.38038122778957,147.31455761940225,147.33425102063256,93339400,150.74639434814452,157.66804107666016
149.40162658691406,152.315634453065,147.619756600354,150.3664080888261,84442700,150.5416259765625,157.76439971923827
147.51144409179688,148.29901488949315,142.58914538327457,145.34563566437978,146691400,150.00312347412108,157.7456838989258
140.2658233642578,144.43993818318944,138.49379277972724,143.82957793472042,128138200,149.0294921875,157.54194580078126
136.05235290527344,140.8762153477741,135.85546393289223,139.0844911492741,124925300,147.79891815185547,157.20851837158204
140.23629760742188,140.84667290730152,135.55027429699052,136.0621976067289,114311700,146.61461181640624,156.98354400634764
143.82958984375,143.9477202186119,142.01817230643195,142.77621059568105,87830100,145.55139617919923,156.85285064697266
144.12490844726562,145.08968986509632,140.7875903322469,141.83113033653302,79471000,144.83077087402344,156.75460693359375
143.16998291015625,145.24719370943012,142.96325476225735,143.54408244476417,68402200,144.1111297607422,156.53521942138673
137.91297912597656,140.8762129387206,137.28292541213156,140.32490279514894,85925600,143.09320068359375,156.1996807861328
138.23785400390625,139.68501122355408,136.41661224606074,138.23785400390625,74899000,142.07428588867188,155.7691848754883
136.82022094726562,139.15340092464973,136.07203689531147,137.7259221748937,77033700,140.81614532470704,155.3299981689453
136.190185546875,138.1787988471096,136.0129899667056,136.96791731761857,70433700,139.68401947021485,154.90770385742186
140.76792907714844,141.35859601492572,132.28187436958524,132.89224973345455,113224000,139.7342300415039,154.45663330078125
136.2295684814453,142.27415178693437,136.04251869325435,142.06740859428484,88598000,139.7519515991211,153.9210873413086
140.19691467285156,140.6792903298468,138.090171437718,138.8777422312096,85250900,139.74801330566407,153.46941650390625
141.51609802246094,144.420251464502,138.4248948126108,143.22906350371468,99136600,139.51666412353515,153.05358062744142
141.6243896484375,142.69744724205523,139.3010638831592,139.488113651557,61758300,139.26661224365233,152.63892608642578
141.16171264648438,143.62286253921314,140.4332068704366,140.7974672692939,64522000,139.06578521728517,152.12996002197266
144.98143005371094,145.55241866280005,140.43321458728877,140.64979699148353,86548600,139.7726303100586,151.71215545654297
147.12753295898438,147.89541049964913,143.73114921809554,144.90265893368223,75981900,140.6615982055664,151.2661947631836
149.97262573242188,150.12030373846804,147.03893927663933,147.75759083673032,74732300,141.97683868408203,150.8556753540039
147.02906799316406,149.62804110263616,145.73941311718505,148.61404877344168,88194300,143.06072692871095,150.38943481445312
142.54977416992188,146.7337280888014,141.89018794295697,145.76896174416086,109180200,143.2389114379883,149.80368072509765
153.31976318359375,155.05240689410368,145.52284395380414,145.89692843507157,164762400,144.94793090820312,149.44120239257813
150.95709228515625,151.84311529516543,149.55916089247586,150.77989669615485,97943200,146.0239486694336,149.08325286865235
148.3088836669922,153.03429437423398,146.8125153766711,152.6700490040681,80379300,146.7032272338867,148.75011169433594
142.77621459960938,149.80525751264736,142.7466820050657,146.63529551052576,93604600,146.81840972900392,148.31301177978514
136.72178649902344,140.58086724418428,136.59380191372105,139.8523615595117,97918500,146.37441711425782,147.74891662597656
136.45555114746094,140.68588340372804,132.51117923439392,140.11394767074316,140814800,145.5218292236328,147.13027282714845
136.98802185058594,137.21481900121177,133.7832199726521,135.2031961352515,83374600,144.50787811279298,146.64848693847657
137.5599822998047,139.4631346891898,135.57794065978277,138.4573305983891,89908500,143.26661376953126,146.2222445678711
132.99435424804688,136.6231842073022,132.71824941976038,136.57387654941147,74917800,141.86314239501954,145.75332092285157
144.8274383544922,144.8274383544922,137.55993955287704,139.27574636621986,118854000,142.09090881347657,145.5543341064453
147.61810302734375,147.9237894166263,142.3622261036816,143.79207283535823,93979700,141.52074279785157,145.3965902709961
146.2178497314453,148.19003547375948,145.37966477232854,146.898256219997,73374100,141.04681854248048,145.253173828125
147.95339965820312,151.45403311466376,146.49398610736782,150.10309040489915,89868300,141.01127014160156,145.16967010498047
146.72076416015625,147.7857463571914,145.24162472759372,147.05604720027458,64218300,141.40572509765624,145.0333575439453
148.6239471435547,149.3733724520642,144.11749463891493,144.39359949187033,80389400,142.59594116210937,144.96464263916016
149.1859893798828,150.57638399086812,147.88435456599078,150.1918083587428,74829600,143.86898498535157,144.8498733520508
145.95162963867188,148.27880988198416,145.66566926933072,148.07173876370618,58724100,144.76534576416014,144.5511004638672
148.09141540527344,148.32808310350964,144.8866136770819,146.06993712168025,51804100,145.81848907470703,144.48394256591797
148.9690704345703,149.71849566611712,147.26311878314957,147.3715896104273,58301400,147.41596069335938,144.40539459228515
146.0502166748047,146.80951240345237,145.07397930940053,146.2474322409697,35195900,147.53823852539062,144.32635620117188
142.21432495117188,144.6006680593858,141.38601049309779,143.12152865000314,69246000,146.99786071777345,144.20348083496094
139.2067413330078,142.79611910491008,138.39815293017466,142.28334655275705,83763800,146.2967498779297,143.9460284423828
145.97134399414062,146.65175056417294,138.59537264763534,139.43354266054223,111380900,146.09854431152343,143.77622039794923
146.24745178222656,147.05605527210508,144.5710966759583,146.1488515092609,71250400,146.05121307373048,143.6745462036133
145.75439453125,145.94175459663157,143.62443017730817,143.93013162674256,65447400,145.7642578125,143.5823062133789
144.59083557128906,148.82116833526126,143.74279490633833,145.71498109956457,68826400,145.30474243164062,143.51227752685546
140.92254638671875,145.25149381357704,139.94630895435972,145.02469664926164,64727200,144.8018341064453,143.36218841552736
138.9799346923828,141.37613319907325,138.05300496587287,140.21255080814953,69721100,143.89068603515625,143.15375457763673
140.6661834716797,141.52409475387847,139.1377511085993,140.38022307533845,62128300,143.06039733886718,143.01684936523438
140.1829833984375,143.54556411340621,138.94049659830839,140.3604729146931,76097000,142.47367401123046,143.01519256591797
142.48056030273438,142.49041581439468,139.09825402700014,140.715445687667,70462700,142.50029754638672,143.1437567138672
143.4469451904297,147.8843635443182,142.23405505341051,147.420898645852,93886200,142.9243179321289,143.20796966552734
141.21835327148438,144.62037034418682,139.1968600685047,143.32859121325015,82291200,142.4490188598633,143.15574493408204
134.6016845703125,139.827980094081,134.1382196907759,139.14757356682156,98931900,141.28444213867186,142.96528045654296
132.63937377929688,135.73570542541242,131.87022238639204,134.7890645018001,160156900,139.97294006347656,142.75466827392577
130.5291290283203,133.31977409731115,129.49374338835526,133.23102933615738,79592600,138.5667694091797,142.60699127197265
130.4601287841797,131.39691428193788,128.08364064452235,129.56278039253664,77432800,137.5205276489258,142.45143676757812
133.56629943847656,134.90738657654524,130.9038512362098,131.13064842267107,85928000,136.97916412353516,142.38635833740236
130.39108276367188,132.68868142818795,128.48793035610765,132.48161030905115,77852100,135.95165405273437,142.2703762817383
130.02621459960938,130.57842423400893,127.83708708710822,129.09928483618836,63814900,134.93597717285155,142.0555419921875
128.2216796875,129.58249292838534,126.92990018333715,129.55291134024313,69007800,133.5100891113281,141.8953842163086
124.28716278076172,129.2077647504938,124.11952877613886,127.8666776669259,85438400,131.59411087036133,141.5771891784668
127.80751037597656,128.6654064445158,125.95365830174214,126.2100370570361,75703700,130.25302658081054,141.30301742553712
128.12303161621094,128.14275768545937,125.6578071138234,126.62418137813751,77034200,129.60516128540038,141.0329902648926
